{"lng1": 5.17799879509614, "lat1": 51.81273641519268, "lng2": 5.458698209584374, "lat2": 52.0383585644511}