{"lng1": 5.163964453279823, "lat1": 52.039595528688714, "lng2": 5.462167332441434, "lat2": 52.26196476528918}