{"lng1": 5.176116546014484, "lat1": 51.59005136123707, "lng2": 5.45778542344507, "lat2": 51.811810571699645}