{"lng1": 4.881673018006553, "lat1": 51.5893702660281, "lng2": 5.168700422590921, "lat2": 51.813538720240544}