{"lng1": 5.45841188182011, "lat1": 51.81224097676272, "lng2": 5.7546788852491435, "lat2": 52.03885668571109}