{"lng1": 4.8727180979251825, "lat1": 52.03665909385091, "lng2": 5.170021086498317, "lat2": 52.260747894156445}