{"lng1": 5.460523265849082, "lat1": 52.037395478515776, "lng2": 5.751436680832628, "lat2": 52.261016857147055}