{"lng1": 5.462377119252682, "lat1": 51.59055351261526, "lng2": 5.744369326641188, "lat2": 51.81385098956365}