{"lng1": 4.886324148816141, "lat1": 51.81101065202229, "lng2": 5.168345070358988, "lat2": 52.03905916742585}